<?xml version="1.0" encoding="UTF-8"?>

<beans xmlns="http://www.springframework.org/schema/beans" xmlns:xsi="http://www.w3.org/2001/XMLSchema-instance"
xsi:schemaLocation="http://www.springframework.org/schema/beans
https://www.springframework.org/schema/beans/spring-beans.xsd">
	<bean id="emp1" class="com.cognizant.Handson3.model.Employee" scope="prototype">
		<property name="id" value="1" />
		<property name="name" value="Mr. ABC" />
		<property name="dept" ref="dept1"/>
		<property name="skills" ref="skill1"/>
	</bean>
	<bean id="emp2" class="com.cognizant.Handson3.model.Employee" scope="prototype">
		<property name="id" value="2" />
		<property name="name" value="Mr. Mehra" />
		<property name="dept" ref="dept3"/>
		<property name="skills" ref="skill3"/>
	</bean>
	<bean id="emp3" class="com.cognizant.Handson3.model.Employee" scope="prototype">
		<property name="id" value="3" />
		<property name="name" value="Mr. Ramesh" />
		<property name="dept" ref="dept3"/>
		<property name="skills" ref="skill2"/>
	</bean>
	<bean id="emp4" class="com.cognizant.Handson3.model.Employee" scope="prototype">
		<property name="id" value="4" />
		<property name="name" value="Mr. Gaurav" />
		<property name="dept" ref="dept2"/>
		<property name="skills" ref="skill2"/>
	</bean>
	
	<bean id="dept1" class="com.cognizant.Handson3.model.Department" scope="prototype">
		<property name="did" value="101"/>
		<property name="name" value="HR"/>
	</bean>
	<bean id="dept2" class="com.cognizant.Handson3.model.Department" scope="prototype">
		<property name="did" value="102"/>
		<property name="name" value="Marketing"/>
	</bean>
	<bean id="dept3" class="com.cognizant.Handson3.model.Department" scope="prototype">
		<property name="did" value="103"/>
		<property name="name" value="Operations"/>
	</bean>
	
	<bean id="skill1" class="com.cognizant.Handson3.model.Skills" scope="prototype">
		<property name="sid" value="201"/>
		<property name="skillName" value="Java"/>
	</bean>
	<bean id="skill2" class="com.cognizant.Handson3.model.Skills" scope="prototype">
		<property name="sid" value="202"/>
		<property name="skillName" value="CSS"/>
	</bean>
	<bean id="skill3" class="com.cognizant.Handson3.model.Skills" scope="prototype">
		<property name="sid" value="203"/>
		<property name="skillName" value="HTML"/>
	</bean>
	
	<bean id="employeeList" class="java.util.ArrayList">
		<constructor-arg>
			<list>
				<ref bean="emp1"></ref>
				<ref bean="emp2"></ref>
				<ref bean="emp3"></ref>
				<ref bean="emp4"></ref>
			</list>
		</constructor-arg>
	</bean>
	<bean id="departmentList" class="java.util.ArrayList">
		<constructor-arg>
			<list>
				<ref bean="dept1"></ref>
				<ref bean="dept2"></ref>
				<ref bean="dept3"></ref>
			</list>
		</constructor-arg>
	</bean>
</beans>
